OrderId,BillOfLadingNumber,PayerCustomerId,CustomerReferenceNumber,CarrierId,OrderPlacedDate,OrderStatus,OrderClosedDate,LoadType
"000000000001","73173135641","000007","","000001",10/10/2021 4:22:55 PM,"Final",10/25/2021 4:22:55 PM,"Dry Van"
"000000000002","17675874451","000007","","000004",10/11/2021 4:22:55 PM,"Final",10/15/2021 4:22:55 PM,"Dry Van"
"000000000003","17314909289","000007","618087608897","000004",10/12/2021 4:22:55 PM,"Final",10/22/2021 4:22:55 PM,"Dry Van"
"000000000004","29738363022","000003","198762787394","000002",10/13/2021 4:22:55 PM,"Final",10/16/2021 4:22:55 PM,"Dry Van"
"000000000005","79743614147","000005","","000004",10/14/2021 4:22:55 PM,"Canceled",10/17/2021 4:22:55 PM,"Dry Van"
"000000000006","23663074550","000003","9201125916","000002",10/15/2021 4:22:55 PM,"Final",10/20/2021 4:22:55 PM,"Dry Van"
"000000000007","96910325049","000007","884789199482","000004",10/16/2021 4:22:55 PM,"Final",10/30/2021 4:22:55 PM,"Hazmat"
"000000000008","50890506794","000001","","000003",10/17/2021 4:22:55 PM,"Final",10/21/2021 4:22:55 PM,"Refrigerated"
"000000000009","76725149771","000004","36582101034","000003",10/18/2021 4:22:55 PM,"Final",10/26/2021 4:22:55 PM,"Refrigerated"
"000000000010","613304547","000001","29652718992","000001",10/19/2021 4:22:55 PM,"Final",11/5/2021 4:22:55 PM,"Refrigerated"
"000000000011","88372543044","000007","874571029004","000004",10/20/2021 4:22:55 PM,"Final",10/29/2021 4:22:55 PM,"Dry Van"
"000000000012","72685122058","000001","","000004",10/21/2021 4:22:55 PM,"Final",10/25/2021 4:22:55 PM,"Dry Van"
"000000000013","76784258144","000005","597730386234","000004",10/22/2021 4:22:55 PM,"Final",11/1/2021 4:22:55 PM,"Dry Van"
"000000000014","87543859047","000003","932423889008","000003",10/23/2021 4:22:55 PM,"Final",11/10/2021 4:22:55 PM,"Refrigerated"
"000000000015","42563831957","000007","","000003",10/24/2021 4:22:55 PM,"Final",10/27/2021 4:22:55 PM,"Refrigerated"
"000000000016","26076127048","000004","","000004",10/25/2021 4:22:55 PM,"Final",11/14/2021 4:22:55 PM,"Hazmat"
"000000000017","52443720916","000007","748657972664","000001",10/26/2021 4:22:55 PM,"Final",11/10/2021 4:22:55 PM,"Refrigerated"
"000000000018","52278328058","000004","752495176780","000002",10/27/2021 4:22:55 PM,"Final",10/31/2021 4:22:55 PM,"Dry Van"
"000000000019","81446031577","000004","318471265351","000003",10/28/2021 4:22:55 PM,"Final",11/5/2021 4:22:55 PM,"Refrigerated"
"000000000020","60423281606","000005","367540898192","000001",10/29/2021 4:22:55 PM,"Final",11/9/2021 4:22:55 PM,"Refrigerated"
"000000000021","7468458805","000007","","000003",10/30/2021 4:22:55 PM,"Final",11/15/2021 4:22:55 PM,"Refrigerated"
"000000000022","72678431271","000007","615447152370","000004",10/31/2021 4:22:55 PM,"Final",11/17/2021 4:22:55 PM,"Dry Van"
"000000000023","59998454708","000005","469412020121","000003",11/1/2021 4:22:55 PM,"Final",11/20/2021 4:22:55 PM,"Refrigerated"
"000000000024","64143361393","000004","285668597030","000003",11/2/2021 4:22:55 PM,"Canceled",11/9/2021 4:22:55 PM,"Refrigerated"
"000000000025","16339668773","000004","","000001",11/3/2021 4:22:55 PM,"Final",11/15/2021 4:22:55 PM,"Refrigerated"
"000000000026","72710617028","000007","734338243824","000003",11/4/2021 4:22:55 PM,"Final",11/10/2021 4:22:55 PM,"Refrigerated"
"000000000027","13580250152","000005","208471409871","000004",11/5/2021 4:22:55 PM,"Final",11/21/2021 4:22:55 PM,"Hazmat"
"000000000028","12938730017","000001","757785701925","000004",11/6/2021 4:22:55 PM,"Final",11/18/2021 4:22:55 PM,"Dry Van"
"000000000029","22246391717","000001","275893437121","000002",11/7/2021 4:22:55 PM,"Final",11/20/2021 4:22:55 PM,"Dry Van"
"000000000030","81867414246","000007","293932840438","000001",11/8/2021 4:22:55 PM,"Final",11/26/2021 4:22:55 PM,"Dry Van"
"000000000031","70181991079","000004","","000003",11/9/2021 4:22:55 PM,"Final",11/23/2021 4:22:55 PM,"Refrigerated"
"000000000032","61273381816","000005","899865348391","000001",11/10/2021 4:22:55 PM,"Final",11/20/2021 4:22:55 PM,"Dry Van"
"000000000033","54596517090","000005","259966074578","000003",11/11/2021 4:22:55 PM,"Final",11/27/2021 4:22:55 PM,"Refrigerated"
"000000000034","55830985816","000001","387616790022","000002",11/12/2021 4:22:55 PM,"Final",11/26/2021 4:22:55 PM,"Dry Van"
"000000000035","32126359865","000001","","000004",11/13/2021 4:22:55 PM,"Final",11/29/2021 4:22:55 PM,"Dry Van"
"000000000036","99885083562","000003","8465018038","000002",11/14/2021 4:22:55 PM,"Final",12/2/2021 4:22:55 PM,"Dry Van"
"000000000037","84079863692","000004","239464474754","000002",11/15/2021 4:22:55 PM,"Final",11/24/2021 4:22:55 PM,"Dry Van"
"000000000038","22205935232","000003","760658293646","000004",11/16/2021 4:22:55 PM,"Final",11/24/2021 4:22:55 PM,"Hazmat"
"000000000039","59737278516","000005","","000003",11/17/2021 4:22:55 PM,"Final",12/4/2021 4:22:55 PM,"Refrigerated"
"000000000040","1858509455","000007","","000001",11/18/2021 4:22:55 PM,"Final",11/26/2021 4:22:55 PM,"Dry Van"
"000000000041","66848082887","000007","618440055986","000002",11/19/2021 4:22:55 PM,"Final",11/24/2021 4:22:55 PM,"Dry Van"
"000000000042","43236805115","000005","","000003",11/20/2021 4:22:55 PM,"Final",11/23/2021 4:22:55 PM,"Refrigerated"
"000000000043","93931736747","000003","","000004",11/21/2021 4:22:55 PM,"Final",12/6/2021 4:22:55 PM,"Dry Van"
"000000000044","68348658275","000004","","000001",11/22/2021 4:22:55 PM,"Final",12/5/2021 4:22:55 PM,"Refrigerated"
"000000000045","15615247151","000003","401706672495","000002",11/23/2021 4:22:55 PM,"Final",12/10/2021 4:22:55 PM,"Dry Van"
"000000000046","49100681420","000007","808549449550","000001",11/24/2021 4:22:55 PM,"Final",12/2/2021 4:22:55 PM,"Dry Van"
"000000000047","66075371462","000003","","000002",11/25/2021 4:22:55 PM,"Final",12/3/2021 4:22:55 PM,"Dry Van"
"000000000048","24252708447","000001","","000003",11/26/2021 4:22:55 PM,"Final",12/6/2021 4:22:55 PM,"Refrigerated"
"000000000049","39765043263","000005","657721830004","000004",11/27/2021 4:22:55 PM,"Final",12/1/2021 4:22:55 PM,"Dry Van"
"000000000050","99470071904","000003","","000003",11/28/2021 4:22:55 PM,"Final",12/1/2021 4:22:55 PM,"Refrigerated"
"000000000051","51055752851","000005","794971900223","000003",11/29/2021 4:22:55 PM,"Final",12/10/2021 4:22:55 PM,"Refrigerated"
"000000000052","17528755644","000004","","000002",11/30/2021 4:22:55 PM,"Final",12/3/2021 4:22:55 PM,"Dry Van"
"000000000053","8541860986","000005","","000002",12/1/2021 4:22:55 PM,"Final",12/15/2021 4:22:55 PM,"Dry Van"
"000000000054","68760953124","000005","","000004",12/2/2021 4:22:55 PM,"Final",12/15/2021 4:22:55 PM,"Dry Van"
"000000000055","48175954352","000005","948608374883","000002",12/3/2021 4:22:55 PM,"Final",12/19/2021 4:22:55 PM,"Dry Van"
"000000000056","1995909304","000007","598454085856","000003",12/4/2021 4:22:55 PM,"Final",12/18/2021 4:22:55 PM,"Refrigerated"
"000000000057","75679352398","000005","","000003",12/5/2021 4:22:55 PM,"Final",12/14/2021 4:22:55 PM,"Refrigerated"
"000000000058","71858177488","000007","622395698844","000001",12/6/2021 4:22:55 PM,"Final",12/9/2021 4:22:55 PM,"Refrigerated"
"000000000059","76241440103","000003","","000003",12/7/2021 4:22:55 PM,"Final",12/22/2021 4:22:55 PM,"Refrigerated"
"000000000060","85175987841","000001","70185927547","000001",12/8/2021 4:22:55 PM,"Canceled",12/26/2021 4:22:55 PM,"Dry Van"
"000000000061","62174299404","000003","","000001",12/9/2021 4:22:55 PM,"Final",12/29/2021 4:22:55 PM,"Refrigerated"
"000000000062","57966839370","000005","901626413819","000003",12/10/2021 4:22:55 PM,"Final",12/26/2021 4:22:55 PM,"Refrigerated"
"000000000063","54550444846","000007","554887158568","000001",12/11/2021 4:22:55 PM,"Canceled",12/29/2021 4:22:55 PM,"Refrigerated"
"000000000064","56077753515","000007","861577321752","000004",12/12/2021 4:22:55 PM,"Final",1/1/2022 4:22:55 PM,"Hazmat"
"000000000065","12156777971","000005","933302751745","000002",12/13/2021 4:22:55 PM,"Final",12/25/2021 4:22:55 PM,"Dry Van"
"000000000066","13379000231","000007","708096032449","000003",12/14/2021 4:22:55 PM,"Final",12/20/2021 4:22:55 PM,"Refrigerated"
"000000000067","63826873127","000005","112029425508","000004",12/15/2021 4:22:55 PM,"Final",12/27/2021 4:22:55 PM,"Hazmat"
"000000000068","38755266340","000007","","000001",12/16/2021 4:22:55 PM,"Final",1/3/2022 4:22:55 PM,"Dry Van"
"000000000069","69150962391","000003","153502585869","000003",12/17/2021 4:22:55 PM,"Final",1/3/2022 4:22:55 PM,"Refrigerated"
"000000000070","81580199009","000001","416207960251","000003",12/18/2021 4:22:55 PM,"Canceled",1/6/2022 4:22:55 PM,"Refrigerated"
"000000000071","52059669485","000007","630366174503","000003",12/19/2021 4:22:55 PM,"Final",1/7/2022 4:22:55 PM,"Refrigerated"
"000000000072","90350615299","000004","504878743121","000001",12/20/2021 4:22:55 PM,"Canceled",1/1/2022 4:22:55 PM,"Refrigerated"
"000000000073","59934997519","000005","37618054019","000004",12/21/2021 4:22:55 PM,"Final",12/28/2021 4:22:55 PM,"Hazmat"
"000000000074","58814915235","000005","","000001",12/22/2021 4:22:55 PM,"Final",1/1/2022 4:22:55 PM,"Dry Van"
"000000000075","74415989690","000007","222036982454","000003",12/23/2021 4:22:55 PM,"Canceled",1/10/2022 4:22:55 PM,"Refrigerated"
"000000000076","80139320731","000001","961157439396","000001",12/24/2021 4:22:55 PM,"Final",1/7/2022 4:22:55 PM,"Refrigerated"
"000000000077","79674062521","000004","69348333640","000001",12/25/2021 4:22:55 PM,"Final",1/2/2022 4:22:55 PM,"Dry Van"
"000000000078","82758150493","000005","","000002",12/26/2021 4:22:55 PM,"Final",1/4/2022 4:22:55 PM,"Dry Van"
"000000000079","54363490859","000001","959179649270","000004",12/27/2021 4:22:55 PM,"Final",1/16/2022 4:22:55 PM,"Dry Van"
"000000000080","46165732499","000004","468421570195","000001",12/28/2021 4:22:55 PM,"Final",1/9/2022 4:22:55 PM,"Dry Van"
"000000000081","4716687336","000007","","000001",12/29/2021 4:22:55 PM,"Final",1/18/2022 4:22:55 PM,"Dry Van"
"000000000082","13207067707","000001","716812034882","000004",12/30/2021 4:22:55 PM,"Final",1/4/2022 4:22:55 PM,"Hazmat"
"000000000083","1933986132","000003","","000002",12/31/2021 4:22:55 PM,"Final",1/18/2022 4:22:55 PM,"Dry Van"
"000000000084","83535573534","000005","326373429904","000003",1/1/2022 4:22:55 PM,"Final",1/21/2022 4:22:55 PM,"Refrigerated"
"000000000085","15148884403","000005","948473013338","000002",1/2/2022 4:22:55 PM,"Canceled",1/13/2022 4:22:55 PM,"Dry Van"
"000000000086","2948972436","000004","","000001",1/3/2022 4:22:55 PM,"Final",1/6/2022 4:22:55 PM,"Dry Van"
"000000000087","78010834211","000003","757746468361","000003",1/4/2022 4:22:55 PM,"Final",1/18/2022 4:22:55 PM,"Refrigerated"
"000000000088","6539357219","000005","477343127340","000004",1/5/2022 4:22:55 PM,"Final",1/19/2022 4:22:55 PM,"Dry Van"
"000000000089","98038826545","000005","450478247213","000004",1/6/2022 4:22:55 PM,"Final",1/18/2022 4:22:55 PM,"Dry Van"
"000000000090","49467060036","000003","546208674556","000002",1/7/2022 4:22:55 PM,"Final",1/23/2022 4:22:55 PM,"Dry Van"
"000000000091","50538342670","000003","","000002",1/8/2022 4:22:55 PM,"Final",1/20/2022 4:22:55 PM,"Dry Van"
"000000000092","48180948325","000003","733641449296","000004",1/9/2022 4:22:55 PM,"Final",1/22/2022 4:22:55 PM,"Hazmat"
"000000000093","32722950897","000005","","000004",1/10/2022 4:22:55 PM,"Final",1/24/2022 4:22:55 PM,"Hazmat"
"000000000094","51781635165","000003","2496579576","000001",1/11/2022 4:22:55 PM,"Final",1/23/2022 4:22:55 PM,"Refrigerated"
"000000000095","6617889019","000003","","000004",1/12/2022 4:22:55 PM,"Final",1/28/2022 4:22:55 PM,"Dry Van"
"000000000096","51799415281","000005","456558666911","000003",1/13/2022 4:22:55 PM,"Final",1/27/2022 4:22:55 PM,"Refrigerated"
"000000000097","87632829135","000005","","000001",1/14/2022 4:22:55 PM,"Final",1/29/2022 4:22:55 PM,"Dry Van"
"000000000098","96703658418","000005","452241481235","000002",1/15/2022 4:22:55 PM,"Final",1/30/2022 4:22:55 PM,"Dry Van"
"000000000099","2365753119","000004","148701958619","000003",1/16/2022 4:22:55 PM,"Final",1/20/2022 4:22:55 PM,"Refrigerated"
"000000000100","9094307760","000003","","000001",1/17/2022 4:22:55 PM,"Final",2/1/2022 4:22:55 PM,"Dry Van"
"000000000101","11018940440","000004","","000002",1/18/2022 4:22:55 PM,"Final",2/4/2022 4:22:55 PM,"Dry Van"
"000000000102","73684000147","000004","438414443428","000002",1/19/2022 4:22:55 PM,"Final",2/6/2022 4:22:55 PM,"Dry Van"
"000000000103","55605870320","000004","129964572225","000004",1/20/2022 4:22:55 PM,"Final",2/5/2022 4:22:55 PM,"Hazmat"
"000000000104","1144428885","000007","","000001",1/21/2022 4:22:55 PM,"Final",2/9/2022 4:22:55 PM,"Refrigerated"
"000000000105","66975700296","000001","461019302563","000002",1/22/2022 4:22:55 PM,"Final",1/27/2022 4:22:55 PM,"Dry Van"
"000000000106","35471332691","000003","","000004",1/23/2022 4:22:55 PM,"Final",2/4/2022 4:22:55 PM,"Dry Van"
"000000000107","20860289266","000005","143314739277","000003",1/24/2022 4:22:55 PM,"Final",1/31/2022 4:22:55 PM,"Refrigerated"
"000000000108","78093989755","000005","512087802554","000003",1/25/2022 4:22:55 PM,"Final",2/5/2022 4:22:55 PM,"Refrigerated"
"000000000109","84656709564","000001","","000002",1/26/2022 4:22:55 PM,"Canceled",2/5/2022 4:22:55 PM,"Dry Van"
"000000000110","7374866241","000007","115898603268","000004",1/27/2022 4:22:55 PM,"Final",2/7/2022 4:22:55 PM,"Hazmat"
"000000000111","88254988077","000001","461515287669","000004",1/28/2022 4:22:55 PM,"Final",2/8/2022 4:22:55 PM,"Hazmat"
"000000000112","79211954402","000001","266872669848","000004",1/29/2022 4:22:55 PM,"Final",2/5/2022 4:22:55 PM,"Hazmat"
"000000000113","60731023535","000003","862852043347","000001",1/30/2022 4:22:55 PM,"Final",2/13/2022 4:22:55 PM,"Dry Van"
"000000000114","69606779858","000005","642296957809","000003",1/31/2022 4:22:55 PM,"Final",2/12/2022 4:22:55 PM,"Refrigerated"
"000000000115","2667205491","000004","557900688534","000004",2/1/2022 4:22:55 PM,"Final",2/10/2022 4:22:55 PM,"Dry Van"
"000000000116","95800182639","000001","146062523019","000002",2/2/2022 4:22:55 PM,"Final",2/7/2022 4:22:55 PM,"Dry Van"
"000000000117","45880018554","000005","","000004",2/3/2022 4:22:55 PM,"Final",2/18/2022 4:22:55 PM,"Dry Van"
"000000000118","51197659039","000004","607919944856","000003",2/4/2022 4:22:55 PM,"Final",2/24/2022 4:22:55 PM,"Refrigerated"
"000000000119","56829102561","000003","","000004",2/5/2022 4:22:55 PM,"Final",2/10/2022 4:22:55 PM,"Dry Van"
"000000000120","39381405952","000003","","000004",2/6/2022 4:22:55 PM,"Final",2/24/2022 4:22:55 PM,"Hazmat"
"000000000121","95640879261","000007","980132685007","000002",2/7/2022 4:22:55 PM,"Final",2/20/2022 4:22:55 PM,"Dry Van"
"000000000122","13352843129","000004","570912386462","000002",2/8/2022 4:22:55 PM,"Final",2/20/2022 4:22:55 PM,"Dry Van"
"000000000123","90236913970","000007","553297762168","000003",2/9/2022 4:22:55 PM,"Final",2/21/2022 4:22:55 PM,"Refrigerated"
"000000000124","43263015398","000005","49655306375","000002",2/10/2022 4:22:55 PM,"Final",2/23/2022 4:22:55 PM,"Dry Van"
"000000000125","61897019349","000005","237066444685","000003",2/11/2022 4:22:55 PM,"Canceled",2/27/2022 4:22:55 PM,"Refrigerated"
"000000000126","85037861081","000005","175882975466","000003",2/12/2022 4:22:55 PM,"Final",2/23/2022 4:22:55 PM,"Refrigerated"
"000000000127","55906057375","000004","","000003",2/13/2022 4:22:55 PM,"Final",2/20/2022 4:22:55 PM,"Refrigerated"
"000000000128","6199629685","000007","80080456260","000004",2/14/2022 4:22:55 PM,"Final",3/6/2022 4:22:55 PM,"Hazmat"
"000000000129","30455618234","000004","577998304503","000001",2/15/2022 4:22:55 PM,"Final",2/25/2022 4:22:55 PM,"Dry Van"
"000000000130","15923674465","000003","","000002",2/16/2022 4:22:55 PM,"Final",2/26/2022 4:22:55 PM,"Dry Van"
"000000000131","60251957435","000005","149412119195","000004",2/17/2022 4:22:55 PM,"Final",2/21/2022 4:22:55 PM,"Hazmat"
"000000000132","92196253421","000004","777546730784","000001",2/18/2022 4:22:55 PM,"Final",3/8/2022 4:22:55 PM,"Dry Van"
"000000000133","74218022557","000004","138160232447","000003",2/19/2022 4:22:55 PM,"Final",2/28/2022 4:22:55 PM,"Refrigerated"
"000000000134","32433225953","000005","818378119625","000004",2/20/2022 4:22:55 PM,"Final",2/26/2022 4:22:55 PM,"Hazmat"
"000000000135","22867091543","000005","724220876969","000002",2/21/2022 4:22:55 PM,"Final",3/10/2022 4:22:55 PM,"Dry Van"
"000000000136","16802581251","000001","","000002",2/22/2022 4:22:55 PM,"Final",2/28/2022 4:22:55 PM,"Dry Van"
"000000000137","87209131342","000004","178605912601","000003",2/23/2022 4:22:55 PM,"Final",3/11/2022 4:22:55 PM,"Refrigerated"
"000000000138","88606421826","000001","832029366869","000001",2/24/2022 4:22:55 PM,"Final",3/14/2022 4:22:55 PM,"Dry Van"
"000000000139","76034951851","000007","827825818235","000001",2/25/2022 4:22:55 PM,"Final",3/5/2022 4:22:55 PM,"Refrigerated"
"000000000140","95025768754","000003","320635484912","000001",2/26/2022 4:22:55 PM,"Final",3/11/2022 4:22:55 PM,"Refrigerated"
"000000000141","55310841231","000003","","000004",2/27/2022 4:22:55 PM,"Final",3/4/2022 4:22:55 PM,"Dry Van"
"000000000142","52251939923","000004","201733414950","000003",2/28/2022 4:22:55 PM,"Final",3/18/2022 4:22:55 PM,"Refrigerated"
"000000000143","13866607777","000004","","000002",3/1/2022 4:22:55 PM,"Final",3/5/2022 4:22:55 PM,"Dry Van"
"000000000144","61401826377","000005","395915536515","000002",3/2/2022 4:22:55 PM,"Final",3/11/2022 4:22:55 PM,"Dry Van"
"000000000145","75463715575","000001","","000003",3/3/2022 4:22:55 PM,"Final",3/9/2022 4:22:55 PM,"Refrigerated"
"000000000146","97573897109","000004","","000002",3/4/2022 4:22:55 PM,"Final",3/19/2022 4:22:55 PM,"Dry Van"
"000000000147","21883248221","000001","723764265837","000004",3/5/2022 4:22:55 PM,"Final",3/9/2022 4:22:55 PM,"Hazmat"
"000000000148","10206634448","000005","","000001",3/6/2022 4:22:55 PM,"Canceled",3/11/2022 4:22:55 PM,"Refrigerated"
"000000000149","28456673959","000005","","000003",3/7/2022 4:22:55 PM,"Final",3/23/2022 4:22:55 PM,"Refrigerated"
"000000000150","42586481417","000004","","000004",3/8/2022 4:22:55 PM,"Final",3/20/2022 4:22:55 PM,"Hazmat"
"000000000151","47087912722","000007","","000003",3/9/2022 4:22:55 PM,"Final",3/19/2022 4:22:55 PM,"Refrigerated"
"000000000152","47175037398","000003","384915773702","000004",3/10/2022 4:22:55 PM,"Final",3/28/2022 4:22:55 PM,"Hazmat"
"000000000153","11038424519","000001","674561474056","000004",3/11/2022 4:22:55 PM,"Final",3/26/2022 4:22:55 PM,"Dry Van"
"000000000154","21060950499","000001","","000003",3/12/2022 4:22:55 PM,"Canceled",3/26/2022 4:22:55 PM,"Refrigerated"
"000000000155","53932466385","000004","274886825216","000002",3/13/2022 4:22:55 PM,"Final",3/30/2022 4:22:55 PM,"Dry Van"
"000000000156","81284854257","000007","","000001",3/14/2022 4:22:55 PM,"Final",3/21/2022 4:22:55 PM,"Dry Van"
"000000000157","72306483363","000005","","000004",3/15/2022 4:22:55 PM,"Final",3/29/2022 4:22:55 PM,"Hazmat"
"000000000158","64685369477","000003","397638021809","000003",3/16/2022 4:22:55 PM,"Final",3/23/2022 4:22:55 PM,"Refrigerated"
"000000000159","21843554456","000005","378631644986","000001",3/17/2022 4:22:55 PM,"Final",3/26/2022 4:22:55 PM,"Dry Van"
"000000000160","78726810956","000004","","000003",3/18/2022 4:22:55 PM,"Final",3/31/2022 4:22:55 PM,"Refrigerated"
"000000000161","11792758412","000005","","000003",3/19/2022 4:22:55 PM,"Final",4/6/2022 4:22:55 PM,"Refrigerated"
"000000000162","30745103850","000005","750192295958","000003",3/20/2022 4:22:55 PM,"Final",4/9/2022 4:22:55 PM,"Refrigerated"
"000000000163","67649905685","000005","","000002",3/21/2022 4:22:55 PM,"Final",4/1/2022 4:22:55 PM,"Dry Van"
"000000000164","91097279819","000007","","000003",3/22/2022 4:22:55 PM,"Canceled",3/31/2022 4:22:55 PM,"Refrigerated"
"000000000165","67784883143","000003","","000001",3/23/2022 4:22:55 PM,"Final",3/26/2022 4:22:55 PM,"Refrigerated"
"000000000166","35118148030","000001","285321814754","000003",3/24/2022 4:22:55 PM,"Canceled",3/29/2022 4:22:55 PM,"Refrigerated"
"000000000167","45661239056","000004","","000001",3/25/2022 4:22:55 PM,"Final",4/10/2022 4:22:55 PM,"Dry Van"
"000000000168","43267073123","000001","252287171107","000002",3/26/2022 4:22:55 PM,"Canceled",4/1/2022 4:22:55 PM,"Dry Van"
"000000000169","93695648139","000004","273049411946","000004",3/27/2022 4:22:55 PM,"Final",4/2/2022 4:22:55 PM,"Dry Van"
"000000000170","28492540050","000007","148026649101","000003",3/28/2022 4:22:55 PM,"Final",4/7/2022 4:22:55 PM,"Refrigerated"
"000000000171","82072882323","000004","465249795984","000003",3/29/2022 4:22:55 PM,"Final",4/18/2022 4:22:55 PM,"Refrigerated"
"000000000172","70156611944","000007","664287429731","000001",3/30/2022 4:22:55 PM,"Canceled",4/7/2022 4:22:55 PM,"Dry Van"
"000000000173","13278511842","000007","","000003",3/31/2022 4:22:55 PM,"Final",4/13/2022 4:22:55 PM,"Refrigerated"
"000000000174","51262016516","000003","","000004",4/1/2022 4:22:55 PM,"Final",4/18/2022 4:22:55 PM,"Dry Van"
"000000000175","35871560693","000001","","000002",4/2/2022 4:22:55 PM,"Final",4/16/2022 4:22:55 PM,"Dry Van"
"000000000176","24986258012","000007","","000003",4/3/2022 4:22:55 PM,"Final",4/14/2022 4:22:55 PM,"Refrigerated"
"000000000177","6705534925","000001","41411873983","000002",4/4/2022 4:22:55 PM,"Final",4/20/2022 4:22:55 PM,"Dry Van"
"000000000178","57595406491","000003","","000003",4/5/2022 4:22:55 PM,"Final",4/14/2022 4:22:55 PM,"Refrigerated"
"000000000179","65685991100","000005","","000002",4/6/2022 4:22:55 PM,"Final",4/19/2022 4:22:55 PM,"Dry Van"
"000000000180","33371717782","000007","116503676245","000004",4/7/2022 4:22:55 PM,"Final",4/13/2022 4:22:55 PM,"Dry Van"
"000000000181","97636794731","000003","","000001",4/8/2022 4:22:55 PM,"Canceled",4/17/2022 4:22:55 PM,"Dry Van"
"000000000182","51561105676","000001","888764473010","000001",4/9/2022 4:22:55 PM,"Final",4/19/2022 4:22:55 PM,"Refrigerated"
"000000000183","18255092021","000007","","000002",4/10/2022 4:22:55 PM,"Final",4/19/2022 4:22:55 PM,"Dry Van"
"000000000184","79523795783","000007","","000004",4/11/2022 4:22:55 PM,"Final",4/30/2022 4:22:55 PM,"Dry Van"
"000000000185","87978509804","000003","","000004",4/12/2022 4:22:55 PM,"Final",5/1/2022 4:22:55 PM,"Dry Van"
"000000000186","33630470385","000001","928418048336","000001",4/13/2022 4:22:55 PM,"Final",4/26/2022 4:22:55 PM,"Dry Van"
"000000000187","41224095472","000007","","000004",4/14/2022 4:22:55 PM,"Final",4/25/2022 4:22:55 PM,"Hazmat"
"000000000188","65766763590","000001","","000001",4/15/2022 4:22:55 PM,"Final",4/26/2022 4:22:55 PM,"Dry Van"
"000000000189","61666333061","000004","420548887616","000004",4/16/2022 4:22:55 PM,"Final",4/23/2022 4:22:55 PM,"Dry Van"
"000000000190","61952468408","000004","687260628955","000004",4/17/2022 4:22:55 PM,"Final",5/1/2022 4:22:55 PM,"Hazmat"
"000000000191","22641082125","000003","","000001",4/18/2022 4:22:55 PM,"Final",4/28/2022 4:22:55 PM,"Refrigerated"
"000000000192","4043120775","000005","548868674129","000003",4/19/2022 4:22:55 PM,"Final",5/5/2022 4:22:55 PM,"Refrigerated"
"000000000193","20406544496","000001","","000002",4/20/2022 4:22:55 PM,"Final",5/8/2022 4:22:55 PM,"Dry Van"
"000000000194","60623052020","000007","748184211915","000003",4/21/2022 4:22:55 PM,"Final",4/29/2022 4:22:55 PM,"Refrigerated"
"000000000195","80536424035","000005","136953672816","000004",4/22/2022 4:22:55 PM,"Final",5/9/2022 4:22:55 PM,"Hazmat"
"000000000196","47426798576","000003","811072215724","000003",4/23/2022 4:22:55 PM,"Final",4/27/2022 4:22:55 PM,"Refrigerated"
"000000000197","94132243397","000001","","000004",4/24/2022 4:22:55 PM,"Final",5/7/2022 4:22:55 PM,"Hazmat"
"000000000198","17711464557","000007","919269718519","000003",4/25/2022 4:22:55 PM,"Final",5/3/2022 4:22:55 PM,"Refrigerated"
"000000000199","87898785357","000007","","000002",4/26/2022 4:22:55 PM,"Final",5/1/2022 4:22:55 PM,"Dry Van"
"000000000200","54668546839","000004","552873870665","000002",4/27/2022 4:22:55 PM,"Final",5/12/2022 4:22:55 PM,"Dry Van"
"000000000201","59513066871","000001","420782986088","000002",4/28/2022 4:22:55 PM,"Final",5/11/2022 4:22:55 PM,"Dry Van"
"000000000202","11599046885","000001","545494542332","000002",4/29/2022 4:22:55 PM,"Final",5/10/2022 4:22:55 PM,"Dry Van"
"000000000203","65691682239","000001","","000003",4/30/2022 4:22:55 PM,"Final",5/19/2022 4:22:55 PM,"Refrigerated"
"000000000204","7598673268","000003","302308308990","000001",5/1/2022 4:22:55 PM,"Final",5/9/2022 4:22:55 PM,"Refrigerated"
"000000000205","9915764030","000003","","000004",5/2/2022 4:22:55 PM,"Final",5/22/2022 4:22:55 PM,"Dry Van"
"000000000206","49070376114","000004","414079380532","000002",5/3/2022 4:22:55 PM,"Final",5/17/2022 4:22:55 PM,"Dry Van"
"000000000207","69008330326","000007","","000004",5/4/2022 4:22:55 PM,"Final",5/16/2022 4:22:55 PM,"Hazmat"
"000000000208","96511289806","000005","121346288128","000003",5/5/2022 4:22:55 PM,"Final",5/24/2022 4:22:55 PM,"Refrigerated"
"000000000209","82688040007","000003","955267681953","000001",5/6/2022 4:22:55 PM,"Final",5/9/2022 4:22:55 PM,"Dry Van"
"000000000210","84443972113","000001","41111101438","000004",5/7/2022 4:22:55 PM,"Final",5/10/2022 4:22:55 PM,"Hazmat"
"000000000211","53758246513","000007","","000001",5/8/2022 4:22:55 PM,"Final",5/11/2022 4:22:55 PM,"Refrigerated"
"000000000212","44604277925","000003","365052426114","000002",5/9/2022 4:22:55 PM,"Final",5/28/2022 4:22:55 PM,"Dry Van"
"000000000213","95464413073","000005","558365584138","000003",5/10/2022 4:22:55 PM,"Final",5/14/2022 4:22:55 PM,"Refrigerated"
"000000000214","94385782998","000004","","000001",5/11/2022 4:22:55 PM,"Final",5/27/2022 4:22:55 PM,"Refrigerated"
"000000000215","92202059390","000001","","000001",5/12/2022 4:22:55 PM,"Final",5/26/2022 4:22:55 PM,"Refrigerated"
"000000000216","34813265768","000004","531905470010","000001",5/13/2022 4:22:55 PM,"Final",5/23/2022 4:22:55 PM,"Refrigerated"
"000000000217","78422881671","000003","","000001",5/14/2022 4:22:55 PM,"Final",6/1/2022 4:22:55 PM,"Refrigerated"
"000000000218","6155089773","000004","","000003",5/15/2022 4:22:55 PM,"Final",5/21/2022 4:22:55 PM,"Refrigerated"
"000000000219","71059036535","000004","","000004",5/16/2022 4:22:55 PM,"Canceled",5/27/2022 4:22:55 PM,"Hazmat"
"000000000220","72800347068","000001","447396800439","000001",5/17/2022 4:22:55 PM,"Final",6/1/2022 4:22:55 PM,"Dry Van"
"000000000221","33380190918","000001","991736791619","000001",5/18/2022 4:22:55 PM,"Final",5/28/2022 4:22:55 PM,"Refrigerated"
"000000000222","23394276932","000007","995910337814","000001",5/19/2022 4:22:55 PM,"Final",6/8/2022 4:22:55 PM,"Refrigerated"
"000000000223","42475983415","000001","460071870230","000004",5/20/2022 4:22:55 PM,"Final",6/2/2022 4:22:55 PM,"Dry Van"
"000000000224","19730305304","000005","112341651352","000003",5/21/2022 4:22:55 PM,"Canceled",6/3/2022 4:22:55 PM,"Refrigerated"
"000000000225","2636390414","000005","","000002",5/22/2022 4:22:55 PM,"Final",5/25/2022 4:22:55 PM,"Dry Van"
"000000000226","95199508140","000004","903152382728","000003",5/23/2022 4:22:55 PM,"Final",6/2/2022 4:22:55 PM,"Refrigerated"
"000000000227","9910317879","000005","449980919457","000001",5/24/2022 4:22:55 PM,"Final",5/31/2022 4:22:55 PM,"Refrigerated"
"000000000228","17634357481","000004","898497818255","000001",5/25/2022 4:22:55 PM,"Final",6/6/2022 4:22:55 PM,"Dry Van"
"000000000229","91884826610","000005","66336554021","000004",5/26/2022 4:22:55 PM,"Final",5/29/2022 4:22:55 PM,"Hazmat"
"000000000230","89778300463","000003","718092729962","000003",5/27/2022 4:22:55 PM,"Final",6/9/2022 4:22:55 PM,"Refrigerated"
"000000000231","92161497037","000005","14886145957","000001",5/28/2022 4:22:55 PM,"Final",6/1/2022 4:22:55 PM,"Refrigerated"
"000000000232","9750909467","000005","","000003",5/29/2022 4:22:55 PM,"Final",6/13/2022 4:22:55 PM,"Refrigerated"
"000000000233","2926280408","000003","778798129849","000002",5/30/2022 4:22:55 PM,"Final",6/6/2022 4:22:55 PM,"Dry Van"
"000000000234","36725356779","000005","250378459853","000003",5/31/2022 4:22:55 PM,"Final",6/3/2022 4:22:55 PM,"Refrigerated"
"000000000235","22132335911","000007","242338152928","000002",6/1/2022 4:22:55 PM,"Canceled",6/6/2022 4:22:55 PM,"Dry Van"
"000000000236","94902272098","000004","841918277162","000002",6/2/2022 4:22:55 PM,"Canceled",6/12/2022 4:22:55 PM,"Dry Van"
"000000000237","721856546","000001","","000003",6/3/2022 4:22:55 PM,"Final",6/21/2022 4:22:55 PM,"Refrigerated"
"000000000238","34200509731","000003","795733949649","000002",6/4/2022 4:22:55 PM,"Final",6/22/2022 4:22:55 PM,"Dry Van"
"000000000239","89543411565","000001","289382043852","000001",6/5/2022 4:22:55 PM,"Final",6/23/2022 4:22:55 PM,"Refrigerated"
"000000000240","95539878784","000007","","000002",6/6/2022 4:22:55 PM,"Final",6/26/2022 4:22:55 PM,"Dry Van"
"000000000241","14315945392","000001","","000001",6/7/2022 4:22:55 PM,"Final",6/23/2022 4:22:55 PM,"Refrigerated"
"000000000242","7106553064","000004","573198989640","000003",6/8/2022 4:22:55 PM,"Final",6/22/2022 4:22:55 PM,"Refrigerated"
"000000000243","88525601092","000003","","000004",6/9/2022 4:22:55 PM,"Final",6/15/2022 4:22:55 PM,"Dry Van"
"000000000244","5337660989","000005","641069365551","000004",6/10/2022 4:22:55 PM,"Final",6/27/2022 4:22:55 PM,"Dry Van"
"000000000245","96355639212","000003","337127534030","000002",6/11/2022 4:22:55 PM,"Canceled",6/21/2022 4:22:55 PM,"Dry Van"
"000000000246","82695515531","000001","684773729955","000001",6/12/2022 4:22:55 PM,"Final",6/26/2022 4:22:55 PM,"Dry Van"
"000000000247","4376177400","000003","69928966203","000003",6/13/2022 4:22:55 PM,"Final",7/2/2022 4:22:55 PM,"Refrigerated"
"000000000248","43979160527","000005","265760552933","000002",6/14/2022 4:22:55 PM,"Final",7/1/2022 4:22:55 PM,"Dry Van"
"000000000249","37644431209","000003","561233761640","000002",6/15/2022 4:22:55 PM,"Final",6/28/2022 4:22:55 PM,"Dry Van"
"000000000250","91528015483","000005","","000004",6/16/2022 4:22:55 PM,"Final",7/2/2022 4:22:55 PM,"Dry Van"
"000000000251","44640040071","000004","682713310285","000004",6/17/2022 4:22:55 PM,"Final",6/27/2022 4:22:55 PM,"Dry Van"
"000000000252","86747347862","000003","499369556769","000001",6/18/2022 4:22:55 PM,"Final",6/23/2022 4:22:55 PM,"Dry Van"
"000000000253","43054887233","000003","","000004",6/19/2022 4:22:55 PM,"Canceled",7/7/2022 4:22:55 PM,"Hazmat"
"000000000254","14389416294","000005","735069605215","000004",6/20/2022 4:22:55 PM,"Final",7/3/2022 4:22:55 PM,"Hazmat"
"000000000255","85982690893","000005","","000001",6/21/2022 4:22:55 PM,"Canceled",6/26/2022 4:22:55 PM,"Refrigerated"
"000000000256","93902401302","000003","","000004",6/22/2022 4:22:55 PM,"Final",7/4/2022 4:22:55 PM,"Hazmat"
"000000000257","34184893273","000001","921780353828","000002",6/23/2022 4:22:55 PM,"Final",6/28/2022 4:22:55 PM,"Dry Van"
"000000000258","55830229142","000007","783401412811","000002",6/24/2022 4:22:55 PM,"Final",7/13/2022 4:22:55 PM,"Dry Van"
"000000000259","55600209926","000004","","000001",6/25/2022 4:22:55 PM,"Final",6/30/2022 4:22:55 PM,"Refrigerated"
"000000000260","31859488271","000007","","000004",6/26/2022 4:22:55 PM,"Final",7/9/2022 4:22:55 PM,"Hazmat"
"000000000261","95975908714","000007","319166753100","000002",6/27/2022 4:22:55 PM,"Final",7/5/2022 4:22:55 PM,"Dry Van"
"000000000262","67715308550","000003","16777617375","000003",6/28/2022 4:22:55 PM,"Final",7/12/2022 4:22:55 PM,"Refrigerated"
"000000000263","34809148179","000001","434729062840","000004",6/29/2022 4:22:55 PM,"Final",7/11/2022 4:22:55 PM,"Hazmat"
"000000000264","56284329992","000004","469380178621","000001",6/30/2022 4:22:55 PM,"Final",7/20/2022 4:22:55 PM,"Refrigerated"
"000000000265","28925159039","000001","618902531614","000003",7/1/2022 4:22:55 PM,"Canceled",7/10/2022 4:22:55 PM,"Refrigerated"
"000000000266","87958994156","000007","615489828331","000002",7/2/2022 4:22:55 PM,"Final",7/20/2022 4:22:55 PM,"Dry Van"
"000000000267","98483836112","000003","567898629951","000003",7/3/2022 4:22:55 PM,"Final",7/10/2022 4:22:55 PM,"Refrigerated"
"000000000268","38291797090","000003","850325513708","000003",7/4/2022 4:22:55 PM,"Final",7/15/2022 4:22:55 PM,"Refrigerated"
"000000000269","52230420170","000007","939704777594","000001",7/5/2022 4:22:55 PM,"Final",7/8/2022 4:22:55 PM,"Dry Van"
"000000000270","5194513602","000001","258136135479","000003",7/6/2022 4:22:55 PM,"Final",7/25/2022 4:22:55 PM,"Refrigerated"
"000000000271","36971145591","000004","79852390921","000003",7/7/2022 4:22:55 PM,"Final",7/11/2022 4:22:55 PM,"Refrigerated"
"000000000272","88849756544","000004","799485301597","000001",7/8/2022 4:22:55 PM,"Final",7/19/2022 4:22:55 PM,"Refrigerated"
"000000000273","8518304535","000007","","000001",7/9/2022 4:22:55 PM,"Final",7/27/2022 4:22:55 PM,"Refrigerated"
"000000000274","74785635636","000007","","000001",7/10/2022 4:22:55 PM,"Canceled",7/30/2022 4:22:55 PM,"Dry Van"
"000000000275","21147952491","000005","970199089687","000003",7/11/2022 4:22:55 PM,"Final",7/31/2022 4:22:55 PM,"Refrigerated"
"000000000276","70470021512","000007","576669897097","000003",7/12/2022 4:22:55 PM,"Final",7/16/2022 4:22:55 PM,"Refrigerated"
"000000000277","3893757674","000001","687873596604","000001",7/13/2022 4:22:55 PM,"Final",7/16/2022 4:22:55 PM,"Refrigerated"
"000000000278","10144164731","000007","598887883216","000002",7/14/2022 4:22:55 PM,"Final",7/25/2022 4:22:55 PM,"Dry Van"
"000000000279","83687031837","000007","498186669215","000004",7/15/2022 4:22:55 PM,"Final",7/31/2022 4:22:55 PM,"Dry Van"
"000000000280","97924770647","000001","891419556972","000004",7/16/2022 4:22:55 PM,"Final",7/19/2022 4:22:55 PM,"Dry Van"
"000000000281","59276863992","000005","7113259766","000003",7/17/2022 4:22:55 PM,"Final",7/27/2022 4:22:55 PM,"Refrigerated"
"000000000282","74443298258","000003","","000001",7/18/2022 4:22:55 PM,"Final",7/23/2022 4:22:55 PM,"Dry Van"
"000000000283","81011452706","000001","","000002",7/19/2022 4:22:55 PM,"Final",8/4/2022 4:22:55 PM,"Dry Van"
"000000000284","41159367134","000003","782182776697","000003",7/20/2022 4:22:55 PM,"Final",8/6/2022 4:22:55 PM,"Refrigerated"
"000000000285","73866067306","000003","","000004",7/21/2022 4:22:55 PM,"Final",8/3/2022 4:22:55 PM,"Dry Van"
"000000000286","6369043997","000005","826907998357","000001",7/22/2022 4:22:55 PM,"Final",8/1/2022 4:22:55 PM,"Dry Van"
"000000000287","37775077196","000001","378935059544","000001",7/23/2022 4:22:55 PM,"Final",8/11/2022 4:22:55 PM,"Dry Van"
"000000000288","60111331637","000004","","000004",7/24/2022 4:22:55 PM,"Final",8/7/2022 4:22:55 PM,"Dry Van"
"000000000289","52620292276","000001","678143896262","000004",7/25/2022 4:22:55 PM,"Canceled",7/29/2022 4:22:55 PM,"Dry Van"
"000000000290","53225190914","000007","983770780888","000003",7/26/2022 4:22:55 PM,"Final",8/7/2022 4:22:55 PM,"Refrigerated"
"000000000291","41535026846","000003","153113396280","000001",7/27/2022 4:22:55 PM,"Final",8/7/2022 4:22:55 PM,"Refrigerated"
"000000000292","47886945644","000003","237027129587","000001",7/28/2022 4:22:55 PM,"Final",8/4/2022 4:22:55 PM,"Refrigerated"
"000000000293","36651239546","000004","955816884041","000002",7/29/2022 4:22:55 PM,"Final",8/7/2022 4:22:55 PM,"Dry Van"
"000000000294","68760884263","000005","547877234092","000002",7/30/2022 4:22:55 PM,"Final",8/17/2022 4:22:55 PM,"Dry Van"
"000000000295","7117925487","000007","","000004",7/31/2022 4:22:55 PM,"Final",8/17/2022 4:22:55 PM,"Hazmat"
"000000000296","11818476436","000001","13971152541","000002",8/1/2022 4:22:55 PM,"Final",8/12/2022 4:22:55 PM,"Dry Van"
"000000000297","29904374946","000004","415612297134","000003",8/2/2022 4:22:55 PM,"Final",8/11/2022 4:22:55 PM,"Refrigerated"
"000000000298","18935340909","000004","501451254691","000001",8/3/2022 4:22:55 PM,"Final",8/19/2022 4:22:55 PM,"Refrigerated"
"000000000299","98077608365","000007","78194616702","000001",8/4/2022 4:22:55 PM,"Final",8/18/2022 4:22:55 PM,"Dry Van"
"000000000300","75438191995","000007","711821125693","000002",8/5/2022 4:22:55 PM,"Final",8/17/2022 4:22:55 PM,"Dry Van"
"000000000301","52246357976","000007","23695172045","000004",8/6/2022 4:22:55 PM,"Final",8/9/2022 4:22:55 PM,"Dry Van"
"000000000302","758951342","000004","385577524553","000001",8/7/2022 4:22:55 PM,"Final",8/13/2022 4:22:55 PM,"Refrigerated"
"000000000303","32424880281","000001","875420221018","000004",8/8/2022 4:22:55 PM,"Final",8/24/2022 4:22:55 PM,"Hazmat"
"000000000304","49672163275","000001","247989379894","000002",8/9/2022 4:22:55 PM,"Final",8/27/2022 4:22:55 PM,"Dry Van"
"000000000305","32753826422","000001","105774492982","000001",8/10/2022 4:22:55 PM,"Final",8/18/2022 4:22:55 PM,"Dry Van"
"000000000306","97245000975","000005","","000003",8/11/2022 4:22:55 PM,"Final",8/17/2022 4:22:55 PM,"Refrigerated"
"000000000307","80651742597","000001","96108946077","000002",8/12/2022 4:22:55 PM,"Final",8/17/2022 4:22:55 PM,"Dry Van"
"000000000308","8664212606","000003","","000004",8/13/2022 4:22:55 PM,"Final",8/27/2022 4:22:55 PM,"Hazmat"
"000000000309","37920871376","000001","","000004",8/14/2022 4:22:55 PM,"Final",8/17/2022 4:22:55 PM,"Hazmat"
"000000000310","99511219563","000007","824719854090","000002",8/15/2022 4:22:55 PM,"Final",8/22/2022 4:22:55 PM,"Dry Van"
"000000000311","30581458338","000005","464120775016","000001",8/16/2022 4:22:55 PM,"Final",8/20/2022 4:22:55 PM,"Refrigerated"
"000000000312","36355640372","000001","95405609162","000002",8/17/2022 4:22:55 PM,"Final",8/26/2022 4:22:55 PM,"Dry Van"
"000000000313","49426061559","000007","18655756645","000002",8/18/2022 4:22:55 PM,"Final",9/5/2022 4:22:55 PM,"Dry Van"
"000000000314","63716018548","000007","4096363275","000002",8/19/2022 4:22:55 PM,"Final",8/28/2022 4:22:55 PM,"Dry Van"
"000000000315","63341155298","000007","871416958967","000003",8/20/2022 4:22:55 PM,"Final",8/27/2022 4:22:55 PM,"Refrigerated"
"000000000316","40191793477","000007","420492122455","000004",8/21/2022 4:22:55 PM,"Final",9/8/2022 4:22:55 PM,"Hazmat"
"000000000317","31476158908","000005","134950342009","000001",8/22/2022 4:22:55 PM,"Final",9/3/2022 4:22:55 PM,"Dry Van"
"000000000318","21739836387","000004","130779854524","000001",8/23/2022 4:22:55 PM,"Final",9/4/2022 4:22:55 PM,"Dry Van"
"000000000319","17631758177","000001","","000003",8/24/2022 4:22:55 PM,"Final",9/7/2022 4:22:55 PM,"Refrigerated"
"000000000320","32509296692","000007","","000003",8/25/2022 4:22:55 PM,"Final",8/30/2022 4:22:55 PM,"Refrigerated"
"000000000321","7450368712","000003","597727744193","000004",8/26/2022 4:22:55 PM,"Final",9/11/2022 4:22:55 PM,"Hazmat"
"000000000322","1764815289","000004","176329094553","000004",8/27/2022 4:22:55 PM,"Final",9/3/2022 4:22:55 PM,"Hazmat"
"000000000323","80380056213","000003","656840201390","000003",8/28/2022 4:22:55 PM,"Final",9/6/2022 4:22:55 PM,"Refrigerated"
"000000000324","8555960759","000004","22278672312","000003",8/29/2022 4:22:55 PM,"Final",9/2/2022 4:22:55 PM,"Refrigerated"
"000000000325","19941099491","000005","","000003",8/30/2022 4:22:55 PM,"Final",9/14/2022 4:22:55 PM,"Refrigerated"
"000000000326","75631682385","000007","586204969885","000004",8/31/2022 4:22:55 PM,"Final",9/11/2022 4:22:55 PM,"Dry Van"
"000000000327","66677878053","000003","625413123662","000003",9/1/2022 4:22:55 PM,"Final",9/6/2022 4:22:55 PM,"Refrigerated"
"000000000328","28662901903","000005","434472233157","000003",9/2/2022 4:22:55 PM,"Final",9/12/2022 4:22:55 PM,"Refrigerated"
"000000000329","39286615912","000004","","000004",9/3/2022 4:22:55 PM,"Final",9/6/2022 4:22:55 PM,"Hazmat"
"000000000330","54584363821","000005","193487047330","000002",9/4/2022 4:22:55 PM,"Final",9/9/2022 4:22:55 PM,"Dry Van"
"000000000331","82585186189","000003","","000004",9/5/2022 4:22:55 PM,"Final",9/24/2022 4:22:55 PM,"Dry Van"
"000000000332","51021246645","000001","145029646283","000002",9/6/2022 4:22:55 PM,"Final",9/19/2022 4:22:55 PM,"Dry Van"
"000000000333","98051656204","000004","362355401374","000002",9/7/2022 4:22:55 PM,"Final",9/26/2022 4:22:55 PM,"Dry Van"
"000000000334","13455182370","000005","34135615386","000001",9/8/2022 4:22:55 PM,"Final",9/25/2022 4:22:55 PM,"Dry Van"
"000000000335","94463220129","000003","","000002",9/9/2022 4:22:55 PM,"Final",9/20/2022 4:22:55 PM,"Dry Van"
"000000000336","51364687389","000005","","000004",9/10/2022 4:22:55 PM,"Final",9/21/2022 4:22:55 PM,"Dry Van"
"000000000337","32707286188","000003","58925030742","000001",9/11/2022 4:22:55 PM,"Final",9/24/2022 4:22:55 PM,"Refrigerated"
"000000000338","76136492003","000001","201827203072","000003",9/12/2022 4:22:55 PM,"Final",9/27/2022 4:22:55 PM,"Refrigerated"
"000000000339","93281571229","000001","56297457196","000002",9/13/2022 4:22:55 PM,"Final",9/25/2022 4:22:55 PM,"Dry Van"
"000000000340","83509446504","000003","","000004",9/14/2022 4:22:55 PM,"Final",9/28/2022 4:22:55 PM,"Hazmat"
"000000000341","88461218356","000007","","000002",9/15/2022 4:22:55 PM,"Final",9/25/2022 4:22:55 PM,"Dry Van"
"000000000342","32441794666","000007","","000004",9/16/2022 4:22:55 PM,"Final",9/24/2022 4:22:55 PM,"Dry Van"
"000000000343","74115507955","000001","","000002",9/17/2022 4:22:55 PM,"Final",9/26/2022 4:22:55 PM,"Dry Van"
"000000000344","40158455062","000005","","000002",9/18/2022 4:22:55 PM,"Final",10/5/2022 4:22:55 PM,"Dry Van"
"000000000345","39748173499","000004","561378639357","000004",9/19/2022 4:22:55 PM,"Final",9/30/2022 4:22:55 PM,"Dry Van"
"000000000346","20223732946","000005","451160566112","000002",9/20/2022 4:22:55 PM,"Final",10/5/2022 4:22:55 PM,"Dry Van"
"000000000347","59750172346","000003","862604845437","000001",9/21/2022 4:22:55 PM,"Canceled",10/8/2022 4:22:55 PM,"Dry Van"
"000000000348","22516689946","000005","725996611926","000002",9/22/2022 4:22:55 PM,"Final",9/30/2022 4:22:55 PM,"Dry Van"
"000000000349","21477839940","000007","811824243257","000004",9/23/2022 4:22:55 PM,"Final",9/27/2022 4:22:55 PM,"Hazmat"
"000000000350","86705524821","000001","16785946499","000003",9/24/2022 4:22:55 PM,"Final",10/9/2022 4:22:55 PM,"Refrigerated"
"000000000351","5803811997","000001","426643024994","000004",9/25/2022 4:22:55 PM,"Final",10/14/2022 4:22:55 PM,"Dry Van"
"000000000352","42672038684","000007","777009230896","000004",9/26/2022 4:22:55 PM,"Final",10/9/2022 4:22:55 PM,"Hazmat"
"000000000353","51010658767","000003","","000003",9/27/2022 4:22:55 PM,"Final",10/2/2022 4:22:55 PM,"Refrigerated"
"000000000354","75486604292","000005","191089328480","000003",9/28/2022 4:22:55 PM,"Canceled",10/13/2022 4:22:55 PM,"Refrigerated"
"000000000355","84777589254","000003","","000004",9/29/2022 4:22:55 PM,"Final",10/10/2022 4:22:55 PM,"Hazmat"
"000000000356","51160919093","000001","","000002",9/30/2022 4:22:55 PM,"Final",10/11/2022 4:22:55 PM,"Dry Van"
"000000000357","79160669408","000001","922151862848","000004",10/1/2022 4:22:55 PM,"Final",10/4/2022 4:22:55 PM,"Hazmat"
"000000000358","23329499900","000005","192163595925","000003",10/2/2022 4:22:55 PM,"Final",10/19/2022 4:22:55 PM,"Refrigerated"
"000000000359","78533472072","000007","590296499603","000001",10/3/2022 4:22:55 PM,"Canceled",10/9/2022 4:22:55 PM,"Dry Van"
"000000000360","12998556802","000001","816269724966","000004",10/4/2022 4:22:55 PM,"Final",10/9/2022 4:22:55 PM,"Hazmat"
"000000000361","45807922121","000004","741074683839","000002",10/5/2022 4:22:55 PM,"Final",10/15/2022 4:22:55 PM,"Dry Van"
"000000000362","70158804200","000001","919476101850","000001",10/6/2022 4:22:55 PM,"Final",10/15/2022 4:22:55 PM,"Dry Van"
"000000000363","73927123494","000004","556564887018","000001",10/7/2022 4:22:55 PM,"Final",10/23/2022 4:22:55 PM,"Refrigerated"
"000000000364","87274523000","000004","","000004",10/8/2022 4:22:55 PM,"Final",10/23/2022 4:22:55 PM,"Hazmat"
"000000000365","62484677257","000007","749352904678","000001",10/9/2022 4:22:55 PM,"Final",10/12/2022 4:22:55 PM,"Refrigerated"
"000000000366","18175302351","000003","","000004",10/10/2022 4:22:55 PM,"Final",10/26/2022 4:22:55 PM,"Hazmat"
"000000000367","71483670806","000001","880957088791","000001",10/11/2022 4:22:55 PM,"Canceled",10/26/2022 4:22:55 PM,"Dry Van"
"000000000368","90911932227","000005","948344826142","000001",10/12/2022 4:22:55 PM,"Canceled",10/26/2022 4:22:55 PM,"Dry Van"
"000000000369","61508506557","000001","881249855267","000003",10/13/2022 4:22:55 PM,"Final",10/23/2022 4:22:55 PM,"Refrigerated"
"000000000370","1313864361","000007","49987162680","000002",10/14/2022 4:22:55 PM,"Final",10/27/2022 4:22:55 PM,"Dry Van"
"000000000371","84259488585","000003","300964091960","000004",10/15/2022 4:22:55 PM,"Final",11/1/2022 4:22:55 PM,"Dry Van"
"000000000372","22573497157","000005","829629251910","000004",10/16/2022 4:22:55 PM,"Canceled",11/2/2022 4:22:55 PM,"Hazmat"
"000000000373","26820564780","000005","276947753352","000002",10/17/2022 4:22:55 PM,"Final",11/3/2022 4:22:55 PM,"Dry Van"
"000000000374","2503915894","000004","263571809501","000001",10/18/2022 4:22:55 PM,"Final",11/5/2022 4:22:55 PM,"Dry Van"
"000000000375","23951537303","000005","237160715156","000004",10/19/2022 4:22:55 PM,"Final",10/30/2022 4:22:55 PM,"Hazmat"
"000000000376","82301191607","000001","606007476119","000002",10/20/2022 4:22:55 PM,"Final",11/6/2022 4:22:55 PM,"Dry Van"
"000000000377","28400293159","000004","945188313640","000002",10/21/2022 4:22:55 PM,"Final",11/8/2022 4:22:55 PM,"Dry Van"
"000000000378","43964800958","000007","","000004",10/22/2022 4:22:55 PM,"Final",11/1/2022 4:22:55 PM,"Hazmat"
"000000000379","54601994880","000004","802228269632","000001",10/23/2022 4:22:55 PM,"Final",10/30/2022 4:22:55 PM,"Refrigerated"
"000000000380","32479935088","000004","","000003",10/24/2022 4:22:55 PM,"Final",11/1/2022 4:22:55 PM,"Refrigerated"
"000000000381","34890644123","000004","151233180118","000002",10/25/2022 4:22:55 PM,"Final",11/12/2022 4:22:55 PM,"Dry Van"
"000000000382","35976305972","000001","","000002",10/26/2022 4:22:55 PM,"Final",11/8/2022 4:22:55 PM,"Dry Van"
"000000000383","93465195958","000007","532785638583","000002",10/27/2022 4:22:55 PM,"Final",11/15/2022 4:22:55 PM,"Dry Van"
"000000000384","81186636460","000001","996540945513","000003",10/28/2022 4:22:55 PM,"Final",11/13/2022 4:22:55 PM,"Refrigerated"
"000000000385","58403348972","000001","945852894897","000003",10/29/2022 4:22:55 PM,"Final",11/14/2022 4:22:55 PM,"Refrigerated"
"000000000386","95302877932","000007","858308309314","000003",10/30/2022 4:22:55 PM,"Canceled",11/5/2022 4:22:55 PM,"Refrigerated"
"000000000387","5003668887","000005","947154739620","000003",10/31/2022 4:22:55 PM,"Final",11/6/2022 4:22:55 PM,"Refrigerated"
"000000000388","29876011083","000001","483032406949","000002",11/1/2022 4:22:55 PM,"Final",11/13/2022 4:22:55 PM,"Dry Van"
"000000000389","95428434610","000007","","000001",11/2/2022 4:22:55 PM,"Final",11/13/2022 4:22:55 PM,"Dry Van"
"000000000390","15457372810","000005","630163903491","000003",11/3/2022 4:22:55 PM,"Final",11/21/2022 4:22:55 PM,"Refrigerated"
"000000000391","56137128697","000001","681049244250","000004",11/4/2022 4:22:55 PM,"Final",11/12/2022 4:22:55 PM,"Hazmat"
"000000000392","7117677210","000001","85250984302","000004",11/5/2022 4:22:55 PM,"Final",11/9/2022 4:22:55 PM,"Dry Van"
"000000000393","19840422941","000003","116875500262","000004",11/6/2022 4:22:55 PM,"Final",11/15/2022 4:22:55 PM,"Dry Van"
"000000000394","58279189323","000007","221868240506","000001",11/7/2022 4:22:55 PM,"Final",11/22/2022 4:22:55 PM,"Dry Van"
"000000000395","84263390238","000005","859380257901","000001",11/8/2022 4:22:55 PM,"Canceled",11/24/2022 4:22:55 PM,"Dry Van"
"000000000396","52074000951","000003","338374288270","000003",11/9/2022 4:22:55 PM,"Final",11/13/2022 4:22:55 PM,"Refrigerated"
"000000000397","63901298057","000004","581776698681","000003",11/10/2022 4:22:55 PM,"Final",11/18/2022 4:22:55 PM,"Refrigerated"
"000000000398","48782442620","000001","935521486256","000002",11/11/2022 4:22:55 PM,"Final",11/16/2022 4:22:55 PM,"Dry Van"
"000000000399","14520988477","000003","","000003",11/12/2022 4:22:55 PM,"Final",11/24/2022 4:22:55 PM,"Refrigerated"
"000000000400","12932457680","000003","","000002",11/13/2022 4:22:55 PM,"Final",11/29/2022 4:22:55 PM,"Dry Van"
"000000000401","19848060034","000005","509053296033","000002",11/14/2022 4:22:55 PM,"Final",11/28/2022 4:22:55 PM,"Dry Van"
"000000000402","66242840919","000005","","000002",11/15/2022 4:22:55 PM,"Canceled",11/26/2022 4:22:55 PM,"Dry Van"
"000000000403","8764055199","000007","977295287781","000002",11/16/2022 4:22:55 PM,"Final",12/1/2022 4:22:55 PM,"Dry Van"
"000000000404","20557976983","000004","585864186764","000002",11/17/2022 4:22:55 PM,"Final",12/5/2022 4:22:55 PM,"Dry Van"
"000000000405","62617459621","000007","","000002",11/18/2022 4:22:55 PM,"Final",12/4/2022 4:22:55 PM,"Dry Van"
"000000000406","95768744710","000004","855272616989","000001",11/19/2022 4:22:55 PM,"Final",12/5/2022 4:22:55 PM,"Refrigerated"
"000000000407","92228447822","000004","","000003",11/20/2022 4:22:55 PM,"Final",12/9/2022 4:22:55 PM,"Refrigerated"
"000000000408","57281336438","000007","","000001",11/21/2022 4:22:55 PM,"Final",11/29/2022 4:22:55 PM,"Refrigerated"
"000000000409","24868799560","000005","715040940704","000003",11/22/2022 4:22:55 PM,"Final",11/25/2022 4:22:55 PM,"Refrigerated"
"000000000410","67550656511","000004","","000001",11/23/2022 4:22:55 PM,"Final",12/11/2022 4:22:55 PM,"Dry Van"
"000000000411","65618417429","000004","760349423701","000001",11/24/2022 4:22:55 PM,"Final",12/14/2022 4:22:55 PM,"Refrigerated"
"000000000412","55216883964","000003","","000003",11/25/2022 4:22:55 PM,"Final",12/13/2022 4:22:55 PM,"Refrigerated"
"000000000413","16156693780","000005","","000004",11/26/2022 4:22:55 PM,"Final",12/7/2022 4:22:55 PM,"Dry Van"
"000000000414","38473269365","000003","848010011853","000003",11/27/2022 4:22:55 PM,"Final",12/16/2022 4:22:55 PM,"Refrigerated"
"000000000415","7153136815","000003","853700531417","000003",11/28/2022 4:22:55 PM,"Final",12/4/2022 4:22:55 PM,"Refrigerated"
"000000000416","87878294","000007","275080828204","000002",11/29/2022 4:22:55 PM,"Final",12/13/2022 4:22:55 PM,"Dry Van"
"000000000417","38385676222","000004","","000002",11/30/2022 4:22:55 PM,"Final",12/3/2022 4:22:55 PM,"Dry Van"
"000000000418","4354298216","000007","","000001",12/1/2022 4:22:55 PM,"Final",12/6/2022 4:22:55 PM,"Refrigerated"
"000000000419","63707096897","000007","","000003",12/2/2022 4:22:55 PM,"Final",12/18/2022 4:22:55 PM,"Refrigerated"
"000000000420","20607969945","000007","","000001",12/3/2022 4:22:55 PM,"Final",12/16/2022 4:22:55 PM,"Dry Van"
"000000000421","76713597494","000001","","000004",12/4/2022 4:22:55 PM,"Final",12/24/2022 4:22:55 PM,"Dry Van"
"000000000422","34458387263","000004","865095867258","000002",12/5/2022 4:22:55 PM,"Final",12/22/2022 4:22:55 PM,"Dry Van"
"000000000423","19355268526","000003","630300944804","000002",12/6/2022 4:22:55 PM,"Final",12/11/2022 4:22:55 PM,"Dry Van"
"000000000424","5295225064","000004","","000003",12/7/2022 4:22:55 PM,"Final",12/16/2022 4:22:55 PM,"Refrigerated"
"000000000425","23344089863","000001","562253534426","000003",12/8/2022 4:22:55 PM,"Final",12/28/2022 4:22:55 PM,"Refrigerated"
"000000000426","48601854529","000005","719624605388","000004",12/9/2022 4:22:55 PM,"Final",12/28/2022 4:22:55 PM,"Hazmat"
"000000000427","20756957922","000003","256840386364","000004",12/10/2022 4:22:55 PM,"Final",12/29/2022 4:22:55 PM,"Dry Van"
"000000000428","227140685","000003","640478142152","000001",12/11/2022 4:22:55 PM,"Final",12/22/2022 4:22:55 PM,"Refrigerated"
"000000000429","40456104792","000004","147726462839","000004",12/12/2022 4:22:55 PM,"Final",12/18/2022 4:22:55 PM,"Hazmat"
"000000000430","61486719528","000007","909119907041","000003",12/13/2022 4:22:55 PM,"Final",12/23/2022 4:22:55 PM,"Refrigerated"
"000000000431","11452213943","000003","235980839895","000001",12/14/2022 4:22:55 PM,"Final",12/18/2022 4:22:55 PM,"Dry Van"
"000000000432","33874591226","000007","503761239102","000001",12/15/2022 4:22:55 PM,"Final",12/29/2022 4:22:55 PM,"Dry Van"
"000000000433","95963212422","000004","","000004",12/16/2022 4:22:55 PM,"Final",1/2/2023 4:22:55 PM,"Dry Van"
"000000000434","40684462696","000007","760459549818","000001",12/17/2022 4:22:55 PM,"Final",1/1/2023 4:22:55 PM,"Refrigerated"
"000000000435","40410171548","000003","","000004",12/18/2022 4:22:55 PM,"Final",12/30/2022 4:22:55 PM,"Hazmat"
"000000000436","934834421","000005","","000001",12/19/2022 4:22:55 PM,"Final",1/6/2023 4:22:55 PM,"Refrigerated"
"000000000437","59964499247","000004","88201899843","000004",12/20/2022 4:22:55 PM,"Final",12/26/2022 4:22:55 PM,"Hazmat"
"000000000438","55252508785","000005","","000002",12/21/2022 4:22:55 PM,"Final",12/28/2022 4:22:55 PM,"Dry Van"
"000000000439","37552439233","000003","877519553668","000003",12/22/2022 4:22:55 PM,"Canceled",1/5/2023 4:22:55 PM,"Refrigerated"
"000000000440","55832833143","000004","69978675591","000002",12/23/2022 4:22:55 PM,"Final",1/5/2023 4:22:55 PM,"Dry Van"
"000000000441","76350816818","000007","655956236534","000002",12/24/2022 4:22:55 PM,"Final",12/29/2022 4:22:55 PM,"Dry Van"
"000000000442","13950503355","000004","120488203567","000002",12/25/2022 4:22:55 PM,"In Transit",,"Dry Van"
"000000000443","23514400533","000004","66405426198","000002",12/26/2022 4:22:55 PM,"In Transit",,"Dry Van"
"000000000444","36128376761","000001","895147535857","000004",12/27/2022 4:22:55 PM,"Not Started",,"Dry Van"
"000000000445","53015934203","000001","","000001",12/28/2022 4:22:55 PM,"At Other Location",,"Refrigerated"
"000000000446","20493224015","000007","487767595775","000001",12/29/2022 4:22:55 PM,"Not Started",,"Refrigerated"
"000000000447","66662441661","000003","","000001",12/30/2022 4:22:55 PM,"At Other Location",,"Dry Van"
"000000000448","33783201232","000007","336824177930","000004",12/31/2022 4:22:55 PM,"In Transit",,"Dry Van"
"000000000449","33880241456","000001","406607198353","000004",1/1/2023 4:22:55 PM,"Final",1/12/2023 4:22:55 PM,"Hazmat"
"000000000450","82825432455","000001","","000001",1/2/2023 4:22:55 PM,"At Other Location",,"Refrigerated"
"000000000451","79550647847","000003","642067463403","000001",1/3/2023 4:22:55 PM,"At Other Location",,"Dry Van"
"000000000452","12328747443","000007","720171481107","000002",1/4/2023 4:22:55 PM,"At Carrier Location",,"Dry Van"
"000000000453","75714530955","000007","","000001",1/5/2023 4:22:55 PM,"At Other Location",,"Refrigerated"
"000000000454","12512347956","000001","201646058814","000003",1/6/2023 4:22:55 PM,"In Transit",,"Refrigerated"
"000000000455","44420966205","000007","8515206418","000004",1/7/2023 4:22:55 PM,"At Customer Location",,"Hazmat"
"000000000456","22236218204","000005","","000001",1/8/2023 4:22:55 PM,"Canceled",1/21/2023 4:22:55 PM,"Refrigerated"
"000000000457","47018050735","000007","","000004",1/9/2023 4:22:55 PM,"Final",1/17/2023 4:22:55 PM,"Dry Van"
"000000000458","18911699279","000005","","000003",1/10/2023 4:22:55 PM,"Canceled",1/13/2023 4:22:55 PM,"Refrigerated"
"000000000459","50163023464","000004","6824504101","000004",1/11/2023 4:22:55 PM,"In Transit",,"Hazmat"
"000000000460","12870465873","000004","","000004",1/12/2023 4:22:55 PM,"Final",2/1/2023 4:22:55 PM,"Hazmat"
"000000000461","48765152908","000003","388608787504","000003",1/13/2023 4:22:55 PM,"At Customer Location",,"Refrigerated"
"000000000462","48002785083","000001","348182014061","000002",1/14/2023 4:22:55 PM,"Canceled",2/3/2023 4:22:55 PM,"Dry Van"
"000000000463","54268619125","000004","","000001",1/15/2023 4:22:55 PM,"At Customer Location",,"Dry Van"
"000000000464","61210359642","000004","380414274102","000001",1/16/2023 4:22:55 PM,"At Carrier Location",,"Refrigerated"
"000000000465","22980334875","000005","944491651913","000001",1/17/2023 4:22:55 PM,"At Other Location",,"Dry Van"
"000000000466","16971065782","000001","","000004",1/18/2023 4:22:55 PM,"In Transit",,"Hazmat"
"000000000467","113315404","000003","306241429735","000004",1/19/2023 4:22:55 PM,"At Customer Location",,"Dry Van"
"000000000468","29131665282","000005","","000003",1/20/2023 4:22:55 PM,"At Other Location",,"Refrigerated"
"000000000469","97771872423","000003","523382748133","000002",1/21/2023 4:22:55 PM,"Final",2/10/2023 4:22:55 PM,"Dry Van"
"000000000470","23681519965","000003","","000002",1/22/2023 4:22:55 PM,"In Transit",,"Dry Van"
"000000000471","5003928552","000001","320721247889","000001",1/23/2023 4:22:55 PM,"At Customer Location",,"Refrigerated"
"000000000472","81374379286","000005","579334936368","000002",1/24/2023 4:22:55 PM,"Canceled",1/28/2023 4:22:55 PM,"Dry Van"
"000000000473","33896448822","000007","","000001",1/25/2023 4:22:55 PM,"In Transit",,"Dry Van"
"000000000474","14999489975","000007","658425507357","000003",1/26/2023 4:22:55 PM,"At Customer Location",,"Refrigerated"
"000000000475","56721417924","000005","82172252214","000001",1/27/2023 4:22:55 PM,"Not Started",,"Refrigerated"
"000000000476","22851134788","000003","220765324327","000004",1/28/2023 4:22:55 PM,"At Customer Location",,"Dry Van"
"000000000477","55208413322","000004","","000004",1/29/2023 4:22:55 PM,"At Carrier Location",,"Hazmat"
"000000000478","39071890769","000001","","000001",1/30/2023 4:22:55 PM,"Not Started",,"Refrigerated"
"000000000479","65732434438","000004","557929596656","000003",1/31/2023 4:22:55 PM,"Final",2/17/2023 4:22:55 PM,"Refrigerated"
"000000000480","58396830801","000007","","000001",2/1/2023 4:22:55 PM,"At Carrier Location",,"Refrigerated"
"000000000481","58920546629","000007","275301936767","000004",2/2/2023 4:22:55 PM,"At Other Location",,"Dry Van"
"000000000482","6165217824","000005","581652647110","000001",2/3/2023 4:22:55 PM,"Final",2/14/2023 4:22:55 PM,"Refrigerated"
"000000000483","86457612770","000003","289228512162","000001",2/4/2023 4:22:55 PM,"At Customer Location",,"Refrigerated"
"000000000484","17517454374","000003","977371057322","000003",2/5/2023 4:22:55 PM,"At Customer Location",,"Refrigerated"
"000000000485","10777793902","000007","85169902281","000002",2/6/2023 4:22:55 PM,"At Other Location",,"Dry Van"
"000000000486","46446366962","000001","990793259526","000004",2/7/2023 4:22:55 PM,"In Transit",,"Hazmat"
"000000000487","42280134411","000005","329615210814","000001",2/8/2023 4:22:55 PM,"Canceled",2/14/2023 4:22:55 PM,"Dry Van"
"000000000488","32910902059","000004","735426135483","000001",2/9/2023 4:22:55 PM,"At Customer Location",,"Dry Van"
"000000000489","78133145951","000004","921195306532","000001",2/10/2023 4:22:55 PM,"At Carrier Location",,"Refrigerated"
"000000000490","6440064042","000004","689316375242","000002",2/11/2023 4:22:55 PM,"At Other Location",,"Dry Van"
"000000000491","33367342833","000004","","000001",2/12/2023 4:22:55 PM,"In Transit",,"Dry Van"
"000000000492","43805892673","000004","377813380905","000004",2/13/2023 4:22:55 PM,"Not Started",,"Dry Van"
"000000000493","93228487399","000003","587516816774","000001",2/14/2023 4:22:55 PM,"In Transit",,"Refrigerated"
"000000000494","71411801906","000005","598817591794","000002",2/15/2023 4:22:55 PM,"At Customer Location",,"Dry Van"
"000000000495","40771183328","000001","132200154996","000004",2/16/2023 4:22:55 PM,"Final",3/3/2023 4:22:55 PM,"Dry Van"
"000000000496","70843907581","000004","98693694034","000002",2/17/2023 4:22:55 PM,"At Carrier Location",,"Dry Van"
"000000000497","54653359949","000005","650367381296","000002",2/18/2023 4:22:55 PM,"At Carrier Location",,"Dry Van"
"000000000498","81625659802","000004","641511692682","000004",2/19/2023 4:22:55 PM,"At Carrier Location",,"Dry Van"
"000000000499","46860206338","000001","26920068977","000003",2/20/2023 4:22:55 PM,"At Customer Location",,"Refrigerated"
"000000000500","93088518468","000004","91662097148","000004",2/21/2023 4:22:55 PM,"At Customer Location",,"Dry Van"
